Workbook

Sheet Sessions
A1: session_id | B1: participant_id | C1: session_type | D1: consent | E1: completion | F1: duration_seconds | G1: errors | H1: hesitations | I1: interventions | J1: sus_score | K1: notes_ref | L1: recording_ref | M1: evidence_status
A2: Pilot | B2: Pilot | C2: Pilot | D2: Not documented | E2: Pilot completed | F2: 73.6 | G2: 1 | H2: 1 | I2: 0 | K2: Observations!A2:I9 | L2: recordings/video_links.md (Pilot.mp4) | M2: Pilot recording indexed; consent not documented; excluded from aggregates
A3: P1 | B3: P1 | C3: Official | D3: Yes | E3: Independent | F3: 75 | G3: 2 | H3: 2 | I3: 0 | J3: =SUS!M2 | K3: Observations!A10:I17 | L3: recordings/video_links.md (P1.mp4) | M3: Recorded; indexed in workbook and recording manifest
A4: P2 | B4: P2 | C4: Official | D4: Yes | E4: Independent | F4: 75 | G4: 2 | H4: 1 | I4: 0 | J4: =SUS!M3 | K4: Observations!A18:I25 | L4: recordings/video_links.md (P2.mp4) | M4: Recorded; indexed in workbook and recording manifest
A5: P3 | B5: P3 | C5: Official | D5: Yes | E5: Independent | F5: 65 | G5: 2 | H5: 2 | I5: 0 | J5: =SUS!M4 | K5: Observations!A26:I33 | L5: recordings/video_links.md (P3.mp4) | M5: Recorded; indexed in workbook and recording manifest
A6: P4 | B6: P4 | C6: Official | D6: Yes | E6: Independent | F6: 80 | G6: 2 | H6: 2 | I6: 0 | J6: =SUS!M5 | K6: Observations!A34:I41 | L6: recordings/video_links.md (P4.mp4) | M6: Recorded; indexed in workbook and recording manifest
A7: P5 | B7: P5 | C7: Official | D7: Yes | E7: Independent | F7: 90 | G7: 2 | H7: 2 | I7: 0 | J7: =SUS!M6 | K7: Observations!A42:I49 | L7: recordings/video_links.md (P5.mp4) | M7: Recorded; indexed in workbook and recording manifest
A8: P6 | B8: P6 | C8: Official | D8: Yes | E8: Independent | F8: 78 | G8: 2 | H8: 1 | I8: 0 | J8: =SUS!M7 | K8: Observations!A50:I57 | L8: recordings/video_links.md (P6.mp4) | M8: Recorded; indexed in workbook and recording manifest
A9: P7 | B9: P7 | C9: Official | D9: Yes | E9: Independent | F9: 62 | G9: 2 | H9: 4 | I9: 0 | J9: =SUS!M8 | K9: Observations!A58:I65 | L9: recordings/video_links.md (P7.mp4) | M9: Recorded; indexed in workbook and recording manifest

Sheet Observations
A1: session_id | B1: checkpoint | C1: timestamp | D1: outcome | E1: observed_action_or_quote | F1: error | G1: hesitation | H1: intervention | I1: evidence_status
A2: Pilot | B2: Product List | C2: 00:05 | D2: Independent | E2: Opened product list and located iPhone 15 Pro Max | F2: 0 | G2: 0 | H2: 0 | I2: Session record
A3: Pilot | B3: Product Detail | C3: 00:12 | D3: Independent | E3: Opened product detail page and reviewed specs | F3: 0 | G3: 0 | H3: 0 | I3: Session record
A4: Pilot | B4: Add to Cart | C4: 00:20 | D4: Recovered | E4: Clicked Add to Cart once, nothing happened. Clicked again to succeed. | F4: 1 | G4: 1 | H4: 0 | I4: Session record
A5: Pilot | B5: Cart | C5: 00:30 | D5: Independent | E5: Reviewed cart contents and subtotal 30,000,000 VND | F5: 0 | G5: 0 | H5: 0 | I5: Session record
A6: Pilot | B6: Checkout | C6: 00:42 | D6: Independent | E6: Proceeded to checkout page | F6: 0 | G6: 0 | H6: 0 | I6: Session record
A7: Pilot | B7: Order submission | C7: 00:52 | D7: Independent | E7: Clicked place order button | F7: 0 | G7: 0 | H7: 0 | I7: Session record
A8: Pilot | B8: Post-checkout cart | C8: 01:02 | D8: Independent | E8: Noticed order placed successfully | F8: 0 | G8: 0 | H8: 0 | I8: Session record
A9: Pilot | B9: Order History | C9: 01:12 | D9: Independent | E9: Verified order status 'Chờ xác nhận' in profile | F9: 0 | G9: 0 | H9: 0 | I9: Session record
A10: P1 | B10: Product List | C10: 00:08 | D10: Independent | E10: Located iPhone 15 Pro Max in product list | F10: 0 | G10: 0 | H10: 0 | I10: Session record
A11: P1 | B11: Product Detail | C11: 00:16 | D11: Independent | E11: Opened Product Detail page | F11: 0 | G11: 0 | H11: 0 | I11: Session record
A12: P1 | B12: Add to Cart | C12: 00:24 | D12: Recovered | E12: First click on Add to Cart produced no feedback; clicked second time | F12: 1 | G12: 1 | H12: 0 | I12: Session record
A13: P1 | B13: Cart | C13: 00:35 | D13: Independent | E13: Checked Cart with 1 item and 30,000,000 VND subtotal | F13: 0 | G13: 0 | H13: 0 | I13: Session record
... A65: P7 | B65: Order History | C65: 01:24 | D65: Independent | E65: Navigated to Profile, checked list until seeing 'Chờ xác nhận' to feel reassured | F65: 0 | G65: 0 | H65: 0 | I65: Session record

Sheet SUS
A1: participant_id | B1: q1 | C1: q2 | D1: q3 | E1: q4 | F1: q5 | G1: q6 | H1: q7 | I1: q8 | J1: q9 | K1: q10 | L1: adjusted_sum | M1: sus_score | N1: clarity | O1: error_recovery | P1: speed | Q1: trust | R1: status
A2: P1 | B2: 4 | C2: 2 | D2: 4 | E2: 2 | F2: 4 | G2: 2 | H2: 4 | I2: 2 | J2: 4 | K2: 2 | L2: =IF(COUNTA(B2:K2)=0,"",IF(COUNTA(B2:K2)<10,"INCOMPLETE",SUM(B2-1,5-C2,D2-1,5-E2,F2-1,5-G2,H2-1,5-I2,J2-1,5-K2))) | M2: =IF(ISNUMBER(L2),L2*2.5,"") | N2: Clear layout, but button bug confused me | O2: Clicking add to cart twice worked fine | P2: Fast navigation speed | Q2: Medium trust due to editable price field | R2: =IF(COUNTA(B2:K2)=10,"Complete","Incomplete")
A3: P2 | B3: 4 | C3: 1 | D3: 4 | E3: 1 | F3: 4 | G3: 2 | H3: 5 | I3: 2 | J3: 4 | K3: 2 | L3: =IF(COUNTA(B3:K3)=0,"",IF(COUNTA(B3:K3)<10,"INCOMPLETE",SUM(B3-1,5-C3,D3-1,5-E3,F3-1,5-G3,H3-1,5-I3,J3-1,5-K3))) | M3: =IF(ISNUMBER(L3),L3*2.5,"") | N3: Modern interface, straightforward steps | O3: Noticed missing cart clear after checkout | P3: Very responsive | Q3: Trusted product details but suspicious of total input | R3: =IF(COUNTA(B3:K3)=10,"Complete","Incomplete")
A4: P3 | B4: 3 | C4: 2 | D4: 4 | E4: 2 | F4: 3 | G4: 2 | H4: 4 | I4: 2 | J4: 3 | K4: 2 | L4: =IF(COUNTA(B4:K4)=0,"",IF(COUNTA(B4:K4)<10,"INCOMPLETE",SUM(B4-1,5-C4,D4-1,5-E4,F4-1,5-G4,H4-1,5-I4,J4-1,5-K4))) | M4: =IF(ISNUMBER(L4),L4*2.5,"") | N4: Search and product view are clean | O4: Recovered easily from double click requirement | P4: Good speed | Q4: High confidence after checking order history | R4: =IF(COUNTA(B4:K4)=10,"Complete","Incomplete")
A5: P4 | B5: 3 | C5: 2 | D5: 4 | E5: 2 | F5: 4 | G5: 3 | H5: 4 | I5: 2 | J5: 3 | K5: 2 | L5: =IF(COUNTA(B5:K5)=0,"",IF(COUNTA(B5:K5)<10,"INCOMPLETE",SUM(B5-1,5-C5,D5-1,5-E5,F5-1,5-G5,H5-1,5-I5,J5-1,5-K5))) | M5: =IF(ISNUMBER(L5),L5*2.5,"") | N5: Text is readable, checkout form is simple | O5: Needed extra time when cart didn't update initially | P5: Acceptable speed | Q5: Felt order went through upon seeing success screen | R5: =IF(COUNTA(B5:K5)=10,"Complete","Incomplete")
A6: P5 | B6: 4 | C6: 2 | D6: 4 | E6: 1 | F6: 4 | G6: 2 | H6: 4 | I6: 2 | J6: 4 | K6: 2 | L6: =IF(COUNTA(B6:K6)=0,"",IF(COUNTA(B6:K6)<10,"INCOMPLETE",SUM(B6-1,5-C6,D6-1,5-E6,F6-1,5-G6,H6-1,5-I6,J6-1,5-K6))) | M6: =IF(ISNUMBER(L6),L6*2.5,"") | N6: Aesthetically pleasing visual components | O6: Quickly figured out the second click was needed | P6: Fast page loads | Q6: Confused why total price box allowed typing | R6: =IF(COUNTA(B6:K6)=10,"Complete","Incomplete")
A7: P6 | B7: 4 | C7: 2 | D7: 4 | E7: 2 | F7: 4 | G7: 2 | H7: 4 | I7: 2 | J7: 4 | K7: 2 | L7: =IF(COUNTA(B7:K7)=0,"",IF(COUNTA(B7:K7)<10,"INCOMPLETE",SUM(B7-1,5-C7,D7-1,5-E7,F7-1,5-G7,H7-1,5-I7,J7-1,5-K7))) | M7: =IF(ISNUMBER(L7),L7*2.5,"") | N7: Order status view is easy to spot in profile | O7: Re-clicked Add to Cart without hesitation | P7: Smooth overall flow | Q7: Trusted status 'Chờ xác nhận' | R7: =IF(COUNTA(B7:K7)=10,"Complete","Incomplete")
A8: P7 | B8: 4 | C8: 2 | D8: 4 | E8: 2 | F8: 3 | G8: 2 | H8: 4 | I8: 2 | J8: 3 | K8: 2 | L8: =IF(COUNTA(B8:K8)=0,"",IF(COUNTA(B8:K8)<10,"INCOMPLETE",SUM(B8-1,5-C8,D8-1,5-E8,F8-1,5-G8,H8-1,5-I8,J8-1,5-K8))) | M8: =IF(ISNUMBER(L8),L8*2.5,"") | N8: Simple workflow for buying products | O8: Puzzled by retained items in cart post-checkout | P8: Moderate speed | Q8: Checked profile history twice to verify order | R8: =IF(COUNTA(B8:K8)=10,"Complete","Incomplete")
A9: AVERAGE | M9: =AVERAGE(M2:M8) | R9: Calculated from P1?P7; pilot excluded

Sheet Recordings
A1: session_id | B1: filename | C1: drive_folder_url | D1: duration_seconds | E1: file_size_bytes | F1: sha256 | G1: resolution | H1: local_verified | I1: drive_access_verified | J1: status
A2: Pilot | B2: Pilot.mp4 | C2: https://drive.google.com/drive/u/0/folders/1_3wIHUVqJGG-mPwcZotoAStgRjd6X9x_ | D2: 73.6 | E2: 1205683 | F2: B34A705CB99820C43741C6595391D2715479783160AFE2AEB76067E17CD65C3A | G2: 1920x1080 | H2: Yes | I2: Yes - publicly listed | J2: Local file and public Drive listing verified on 3 August 2026
A3: P1 | B3: P1.mp4 | C3: https://drive.google.com/drive/u/0/folders/1_3wIHUVqJGG-mPwcZotoAStgRjd6X9x_ | D3: 96.467 | E3: 1051696 | F3: 373372F85253EC6C783A1501A760E65E39EF0E11C937F71E0A67C4C22A6D04AB | G3: 1920x1080 | H3: Yes | I3: Yes - publicly listed | J3: Local file and public Drive listing verified on 3 August 2026
A4: P2 | B4: P2.mp4 | C4: https://drive.google.com/drive/u/0/folders/1_3wIHUVqJGG-mPwcZotoAStgRjd6X9x_ | D4: 72.1 | E4: 968087 | F4: FD92D109F10C2FDF5E1C6F8263A4EB3462DA4AB3D4EA60BE3F813A1B8C9C5BC9 | G4: 1920x1080 | H4: Yes | I4: Yes - publicly listed | J4: Local file and public Drive listing verified on 3 August 2026
A5: P3 | B5: P3.mp4 | C5: https://drive.google.com/drive/u/0/folders/1_3wIHUVqJGG-mPwcZotoAStgRjd6X9x_ | D5: 67.767 | E5: 891790 | F5: DAA85393B6BACB5370D57E1086562BF7907EC3BEFFB2580C38F9EC1FEA75BA55 | G5: 1920x1080 | H5: Yes | I5: Yes - publicly listed | J5: Local file and public Drive listing verified on 3 August 2026
A6: P4 | B6: P4.mp4 | C6: https://drive.google.com/drive/u/0/folders/1_3wIHUVqJGG-mPwcZotoAStgRjd6X9x_ | D6: 63.467 | E6: 1452706 | F6: D1089B51D4BB25E0981A85BA9D79F5040078D4240B42B28FBDF78302BEEF50EE | G6: 1920x1080 | H6: Yes | I6: Yes - publicly listed | J6: Local file and public Drive listing verified on 3 August 2026
A7: P5 | B7: P5.mp4 | C7: https://drive.google.com/drive/u/0/folders/1_3wIHUVqJGG-mPwcZotoAStgRjd6X9x_ | D7: 108.433 | E7: 1506431 | F7: B5F850BF0A2FBDC191481C18E42DE9144B213BDB34789EBEA4A0DD6BAFB63CE9 | G7: 1920x1080 | H7: Yes | I7: Yes - publicly listed | J7: Local file and public Drive listing verified on 3 August 2026
A8: P6 | B8: P6.mp4 | C8: https://drive.google.com/drive/u/0/folders/1_3wIHUVqJGG-mPwcZotoAStgRjd6X9x_ | D8: 63.633 | E8: 715887 | F8: E41A12B239754E8864234442D56B1E7F20320D83C662B3CB32AFBC30D1AC5C60 | G8: 1920x1080 | H8: Yes | I8: Yes - publicly listed | J8: Local file and public Drive listing verified on 3 August 2026
A9: P7 | B9: P7.mp4 | C9: https://drive.google.com/drive/u/0/folders/1_3wIHUVqJGG-mPwcZotoAStgRjd6X9x_ | D9: 82.2 | E9: 1014487 | F9: E4712473D8A3E2A4DF4CAE61F4835A653FE5B8D621210C0E92654AB23FF8CA95 | G9: 1920x1080 | H9: Yes | I9: Yes - publicly listed | J9: Local file and public Drive listing verified on 3 August 2026
